{"cameraMode":{"drawMode":0,"name":"Shaded","section":"Shading Mode"},"sceneLighting":true,"audioPlay":false,"sceneViewState":{"showFog":true,"showMaterialUpdate":true,"showSkybox":true,"showFlares":true,"showImageEffects":true,"showParticleSystems":true},"in2DMode":false,"pivot":{"x":-10.640000343322754,"y":48.38999938964844,"z":8.510000228881836},"rotation":{"x":-0.16908162832260133,"y":-0.8189560174942017,"z":0.3029541075229645,"w":-0.45710089802742007},"size":22.0,"orthographic":false}