{"cameraMode":{"drawMode":0,"name":"Shaded","section":"Shading Mode"},"sceneLighting":false,"audioPlay":false,"sceneViewState":{"showFog":true,"showMaterialUpdate":false,"showSkybox":true,"showFlares":true,"showImageEffects":true,"showParticleSystems":true},"in2DMode":false,"pivot":{"x":569.4951782226563,"y":226.96917724609376,"z":-63.53924560546875},"rotation":{"x":-0.1637668013572693,"y":0.0966046079993248,"z":-0.016116494312882425,"w":-0.9816253781318665},"size":538.6153564453125,"orthographic":false}