{"cameraMode":{"drawMode":0,"name":"Shaded","section":"Shading Mode"},"sceneLighting":false,"audioPlay":false,"sceneViewState":{"showFog":true,"showMaterialUpdate":false,"showSkybox":true,"showFlares":true,"showImageEffects":true,"showParticleSystems":true},"in2DMode":false,"pivot":{"x":-0.7625436782836914,"y":4.622993469238281,"z":0.6863811016082764},"rotation":{"x":-0.025527896359562875,"y":-0.973838210105896,"z":0.14030982553958894,"w":-0.1769198626279831},"size":38.969459533691409,"orthographic":false}