{"cameraMode":{"drawMode":0,"name":"Shaded","section":"Shading Mode"},"sceneLighting":false,"audioPlay":false,"sceneViewState":{"showFog":true,"showMaterialUpdate":false,"showSkybox":true,"showFlares":true,"showImageEffects":true,"showParticleSystems":true},"in2DMode":false,"pivot":{"x":11.04301929473877,"y":1.6584019660949708,"z":0.9460041522979736},"rotation":{"x":-0.008222253993153572,"y":0.989004373550415,"z":-0.1346459686756134,"w":-0.06060868129134178},"size":2.8638248443603517,"orthographic":false}